date,annee,zone,nom_jour_ferie
2000-01-01,2000,Saint-Martin,1er janvier
2000-04-24,2000,Saint-Martin,Lundi de Pâques
2000-05-01,2000,Saint-Martin,1er mai
2000-05-08,2000,Saint-Martin,8 mai
2000-05-27,2000,Saint-Martin,Abolition de l'esclavage
2000-06-01,2000,Saint-Martin,Ascension
2000-06-12,2000,Saint-Martin,Lundi de Pentecôte
2000-07-14,2000,Saint-Martin,14 juillet
2000-08-15,2000,Saint-Martin,Assomption
2000-11-01,2000,Saint-Martin,Toussaint
2000-11-11,2000,Saint-Martin,11 novembre
2000-12-25,2000,Saint-Martin,Jour de Noël
2001-01-01,2001,Saint-Martin,1er janvier
2001-04-16,2001,Saint-Martin,Lundi de Pâques
2001-05-01,2001,Saint-Martin,1er mai
2001-05-08,2001,Saint-Martin,8 mai
2001-05-24,2001,Saint-Martin,Ascension
2001-05-27,2001,Saint-Martin,Abolition de l'esclavage
2001-06-04,2001,Saint-Martin,Lundi de Pentecôte
2001-07-14,2001,Saint-Martin,14 juillet
2001-08-15,2001,Saint-Martin,Assomption
2001-11-01,2001,Saint-Martin,Toussaint
2001-11-11,2001,Saint-Martin,11 novembre
2001-12-25,2001,Saint-Martin,Jour de Noël
2002-01-01,2002,Saint-Martin,1er janvier
2002-04-01,2002,Saint-Martin,Lundi de Pâques
2002-05-01,2002,Saint-Martin,1er mai
2002-05-08,2002,Saint-Martin,8 mai
2002-05-09,2002,Saint-Martin,Ascension
2002-05-20,2002,Saint-Martin,Lundi de Pentecôte
2002-05-27,2002,Saint-Martin,Abolition de l'esclavage
2002-07-14,2002,Saint-Martin,14 juillet
2002-08-15,2002,Saint-Martin,Assomption
2002-11-01,2002,Saint-Martin,Toussaint
2002-11-11,2002,Saint-Martin,11 novembre
2002-12-25,2002,Saint-Martin,Jour de Noël
2003-01-01,2003,Saint-Martin,1er janvier
2003-04-21,2003,Saint-Martin,Lundi de Pâques
2003-05-01,2003,Saint-Martin,1er mai
2003-05-08,2003,Saint-Martin,8 mai
2003-05-27,2003,Saint-Martin,Abolition de l'esclavage
2003-05-29,2003,Saint-Martin,Ascension
2003-06-09,2003,Saint-Martin,Lundi de Pentecôte
2003-07-14,2003,Saint-Martin,14 juillet
2003-08-15,2003,Saint-Martin,Assomption
2003-11-01,2003,Saint-Martin,Toussaint
2003-11-11,2003,Saint-Martin,11 novembre
2003-12-25,2003,Saint-Martin,Jour de Noël
2004-01-01,2004,Saint-Martin,1er janvier
2004-04-12,2004,Saint-Martin,Lundi de Pâques
2004-05-01,2004,Saint-Martin,1er mai
2004-05-08,2004,Saint-Martin,8 mai
2004-05-20,2004,Saint-Martin,Ascension
2004-05-27,2004,Saint-Martin,Abolition de l'esclavage
2004-05-31,2004,Saint-Martin,Lundi de Pentecôte
2004-07-14,2004,Saint-Martin,14 juillet
2004-08-15,2004,Saint-Martin,Assomption
2004-11-01,2004,Saint-Martin,Toussaint
2004-11-11,2004,Saint-Martin,11 novembre
2004-12-25,2004,Saint-Martin,Jour de Noël
2005-01-01,2005,Saint-Martin,1er janvier
2005-03-28,2005,Saint-Martin,Lundi de Pâques
2005-05-01,2005,Saint-Martin,1er mai
2005-05-05,2005,Saint-Martin,Ascension
2005-05-08,2005,Saint-Martin,8 mai
2005-05-16,2005,Saint-Martin,Lundi de Pentecôte
2005-05-27,2005,Saint-Martin,Abolition de l'esclavage
2005-07-14,2005,Saint-Martin,14 juillet
2005-08-15,2005,Saint-Martin,Assomption
2005-11-01,2005,Saint-Martin,Toussaint
2005-11-11,2005,Saint-Martin,11 novembre
2005-12-25,2005,Saint-Martin,Jour de Noël
2006-01-01,2006,Saint-Martin,1er janvier
2006-04-17,2006,Saint-Martin,Lundi de Pâques
2006-05-01,2006,Saint-Martin,1er mai
2006-05-08,2006,Saint-Martin,8 mai
2006-05-25,2006,Saint-Martin,Ascension
2006-05-27,2006,Saint-Martin,Abolition de l'esclavage
2006-06-05,2006,Saint-Martin,Lundi de Pentecôte
2006-07-14,2006,Saint-Martin,14 juillet
2006-08-15,2006,Saint-Martin,Assomption
2006-11-01,2006,Saint-Martin,Toussaint
2006-11-11,2006,Saint-Martin,11 novembre
2006-12-25,2006,Saint-Martin,Jour de Noël
2007-01-01,2007,Saint-Martin,1er janvier
2007-04-09,2007,Saint-Martin,Lundi de Pâques
2007-05-01,2007,Saint-Martin,1er mai
2007-05-08,2007,Saint-Martin,8 mai
2007-05-17,2007,Saint-Martin,Ascension
2007-05-27,2007,Saint-Martin,Abolition de l'esclavage
2007-05-28,2007,Saint-Martin,Lundi de Pentecôte
2007-07-14,2007,Saint-Martin,14 juillet
2007-08-15,2007,Saint-Martin,Assomption
2007-11-01,2007,Saint-Martin,Toussaint
2007-11-11,2007,Saint-Martin,11 novembre
2007-12-25,2007,Saint-Martin,Jour de Noël
2008-01-01,2008,Saint-Martin,1er janvier
2008-03-24,2008,Saint-Martin,Lundi de Pâques
2008-05-01,2008,Saint-Martin,1er mai
2008-05-01,2008,Saint-Martin,Ascension
2008-05-08,2008,Saint-Martin,8 mai
2008-05-12,2008,Saint-Martin,Lundi de Pentecôte
2008-05-27,2008,Saint-Martin,Abolition de l'esclavage
2008-07-14,2008,Saint-Martin,14 juillet
2008-08-15,2008,Saint-Martin,Assomption
2008-11-01,2008,Saint-Martin,Toussaint
2008-11-11,2008,Saint-Martin,11 novembre
2008-12-25,2008,Saint-Martin,Jour de Noël
2009-01-01,2009,Saint-Martin,1er janvier
2009-04-13,2009,Saint-Martin,Lundi de Pâques
2009-05-01,2009,Saint-Martin,1er mai
2009-05-08,2009,Saint-Martin,8 mai
2009-05-21,2009,Saint-Martin,Ascension
2009-05-27,2009,Saint-Martin,Abolition de l'esclavage
2009-06-01,2009,Saint-Martin,Lundi de Pentecôte
2009-07-14,2009,Saint-Martin,14 juillet
2009-08-15,2009,Saint-Martin,Assomption
2009-11-01,2009,Saint-Martin,Toussaint
2009-11-11,2009,Saint-Martin,11 novembre
2009-12-25,2009,Saint-Martin,Jour de Noël
2010-01-01,2010,Saint-Martin,1er janvier
2010-04-05,2010,Saint-Martin,Lundi de Pâques
2010-05-01,2010,Saint-Martin,1er mai
2010-05-08,2010,Saint-Martin,8 mai
2010-05-13,2010,Saint-Martin,Ascension
2010-05-24,2010,Saint-Martin,Lundi de Pentecôte
2010-05-27,2010,Saint-Martin,Abolition de l'esclavage
2010-07-14,2010,Saint-Martin,14 juillet
2010-08-15,2010,Saint-Martin,Assomption
2010-11-01,2010,Saint-Martin,Toussaint
2010-11-11,2010,Saint-Martin,11 novembre
2010-12-25,2010,Saint-Martin,Jour de Noël
2011-01-01,2011,Saint-Martin,1er janvier
2011-04-25,2011,Saint-Martin,Lundi de Pâques
2011-05-01,2011,Saint-Martin,1er mai
2011-05-08,2011,Saint-Martin,8 mai
2011-05-27,2011,Saint-Martin,Abolition de l'esclavage
2011-06-02,2011,Saint-Martin,Ascension
2011-06-13,2011,Saint-Martin,Lundi de Pentecôte
2011-07-14,2011,Saint-Martin,14 juillet
2011-08-15,2011,Saint-Martin,Assomption
2011-11-01,2011,Saint-Martin,Toussaint
2011-11-11,2011,Saint-Martin,11 novembre
2011-12-25,2011,Saint-Martin,Jour de Noël
2012-01-01,2012,Saint-Martin,1er janvier
2012-04-09,2012,Saint-Martin,Lundi de Pâques
2012-05-01,2012,Saint-Martin,1er mai
2012-05-08,2012,Saint-Martin,8 mai
2012-05-17,2012,Saint-Martin,Ascension
2012-05-27,2012,Saint-Martin,Abolition de l'esclavage
2012-05-28,2012,Saint-Martin,Lundi de Pentecôte
2012-07-14,2012,Saint-Martin,14 juillet
2012-08-15,2012,Saint-Martin,Assomption
2012-11-01,2012,Saint-Martin,Toussaint
2012-11-11,2012,Saint-Martin,11 novembre
2012-12-25,2012,Saint-Martin,Jour de Noël
2013-01-01,2013,Saint-Martin,1er janvier
2013-04-01,2013,Saint-Martin,Lundi de Pâques
2013-05-01,2013,Saint-Martin,1er mai
2013-05-08,2013,Saint-Martin,8 mai
2013-05-09,2013,Saint-Martin,Ascension
2013-05-20,2013,Saint-Martin,Lundi de Pentecôte
2013-05-27,2013,Saint-Martin,Abolition de l'esclavage
2013-07-14,2013,Saint-Martin,14 juillet
2013-08-15,2013,Saint-Martin,Assomption
2013-11-01,2013,Saint-Martin,Toussaint
2013-11-11,2013,Saint-Martin,11 novembre
2013-12-25,2013,Saint-Martin,Jour de Noël
2014-01-01,2014,Saint-Martin,1er janvier
2014-04-21,2014,Saint-Martin,Lundi de Pâques
2014-05-01,2014,Saint-Martin,1er mai
2014-05-08,2014,Saint-Martin,8 mai
2014-05-27,2014,Saint-Martin,Abolition de l'esclavage
2014-05-29,2014,Saint-Martin,Ascension
2014-06-09,2014,Saint-Martin,Lundi de Pentecôte
2014-07-14,2014,Saint-Martin,14 juillet
2014-08-15,2014,Saint-Martin,Assomption
2014-11-01,2014,Saint-Martin,Toussaint
2014-11-11,2014,Saint-Martin,11 novembre
2014-12-25,2014,Saint-Martin,Jour de Noël
2015-01-01,2015,Saint-Martin,1er janvier
2015-04-06,2015,Saint-Martin,Lundi de Pâques
2015-05-01,2015,Saint-Martin,1er mai
2015-05-08,2015,Saint-Martin,8 mai
2015-05-14,2015,Saint-Martin,Ascension
2015-05-25,2015,Saint-Martin,Lundi de Pentecôte
2015-05-27,2015,Saint-Martin,Abolition de l'esclavage
2015-07-14,2015,Saint-Martin,14 juillet
2015-08-15,2015,Saint-Martin,Assomption
2015-11-01,2015,Saint-Martin,Toussaint
2015-11-11,2015,Saint-Martin,11 novembre
2015-12-25,2015,Saint-Martin,Jour de Noël
2016-01-01,2016,Saint-Martin,1er janvier
2016-03-28,2016,Saint-Martin,Lundi de Pâques
2016-05-01,2016,Saint-Martin,1er mai
2016-05-05,2016,Saint-Martin,Ascension
2016-05-08,2016,Saint-Martin,8 mai
2016-05-16,2016,Saint-Martin,Lundi de Pentecôte
2016-05-27,2016,Saint-Martin,Abolition de l'esclavage
2016-07-14,2016,Saint-Martin,14 juillet
2016-08-15,2016,Saint-Martin,Assomption
2016-11-01,2016,Saint-Martin,Toussaint
2016-11-11,2016,Saint-Martin,11 novembre
2016-12-25,2016,Saint-Martin,Jour de Noël
2017-01-01,2017,Saint-Martin,1er janvier
2017-04-17,2017,Saint-Martin,Lundi de Pâques
2017-05-01,2017,Saint-Martin,1er mai
2017-05-08,2017,Saint-Martin,8 mai
2017-05-25,2017,Saint-Martin,Ascension
2017-05-27,2017,Saint-Martin,Abolition de l'esclavage
2017-06-05,2017,Saint-Martin,Lundi de Pentecôte
2017-07-14,2017,Saint-Martin,14 juillet
2017-08-15,2017,Saint-Martin,Assomption
2017-11-01,2017,Saint-Martin,Toussaint
2017-11-11,2017,Saint-Martin,11 novembre
2017-12-25,2017,Saint-Martin,Jour de Noël
2018-01-01,2018,Saint-Martin,1er janvier
2018-04-02,2018,Saint-Martin,Lundi de Pâques
2018-05-01,2018,Saint-Martin,1er mai
2018-05-08,2018,Saint-Martin,8 mai
2018-05-10,2018,Saint-Martin,Ascension
2018-05-21,2018,Saint-Martin,Lundi de Pentecôte
2018-05-28,2018,Saint-Martin,Abolition de l'esclavage
2018-07-14,2018,Saint-Martin,14 juillet
2018-08-15,2018,Saint-Martin,Assomption
2018-11-01,2018,Saint-Martin,Toussaint
2018-11-11,2018,Saint-Martin,11 novembre
2018-12-25,2018,Saint-Martin,Jour de Noël
2019-01-01,2019,Saint-Martin,1er janvier
2019-04-22,2019,Saint-Martin,Lundi de Pâques
2019-05-01,2019,Saint-Martin,1er mai
2019-05-08,2019,Saint-Martin,8 mai
2019-05-28,2019,Saint-Martin,Abolition de l'esclavage
2019-05-30,2019,Saint-Martin,Ascension
2019-06-10,2019,Saint-Martin,Lundi de Pentecôte
2019-07-14,2019,Saint-Martin,14 juillet
2019-08-15,2019,Saint-Martin,Assomption
2019-11-01,2019,Saint-Martin,Toussaint
2019-11-11,2019,Saint-Martin,11 novembre
2019-12-25,2019,Saint-Martin,Jour de Noël
2020-01-01,2020,Saint-Martin,1er janvier
2020-04-13,2020,Saint-Martin,Lundi de Pâques
2020-05-01,2020,Saint-Martin,1er mai
2020-05-08,2020,Saint-Martin,8 mai
2020-05-21,2020,Saint-Martin,Ascension
2020-05-28,2020,Saint-Martin,Abolition de l'esclavage
2020-06-01,2020,Saint-Martin,Lundi de Pentecôte
2020-07-14,2020,Saint-Martin,14 juillet
2020-08-15,2020,Saint-Martin,Assomption
2020-11-01,2020,Saint-Martin,Toussaint
2020-11-11,2020,Saint-Martin,11 novembre
2020-12-25,2020,Saint-Martin,Jour de Noël
2021-01-01,2021,Saint-Martin,1er janvier
2021-04-05,2021,Saint-Martin,Lundi de Pâques
2021-05-01,2021,Saint-Martin,1er mai
2021-05-08,2021,Saint-Martin,8 mai
2021-05-13,2021,Saint-Martin,Ascension
2021-05-24,2021,Saint-Martin,Lundi de Pentecôte
2021-05-28,2021,Saint-Martin,Abolition de l'esclavage
2021-07-14,2021,Saint-Martin,14 juillet
2021-08-15,2021,Saint-Martin,Assomption
2021-11-01,2021,Saint-Martin,Toussaint
2021-11-11,2021,Saint-Martin,11 novembre
2021-12-25,2021,Saint-Martin,Jour de Noël
2022-01-01,2022,Saint-Martin,1er janvier
2022-04-18,2022,Saint-Martin,Lundi de Pâques
2022-05-01,2022,Saint-Martin,1er mai
2022-05-08,2022,Saint-Martin,8 mai
2022-05-26,2022,Saint-Martin,Ascension
2022-05-28,2022,Saint-Martin,Abolition de l'esclavage
2022-06-06,2022,Saint-Martin,Lundi de Pentecôte
2022-07-14,2022,Saint-Martin,14 juillet
2022-08-15,2022,Saint-Martin,Assomption
2022-11-01,2022,Saint-Martin,Toussaint
2022-11-11,2022,Saint-Martin,11 novembre
2022-12-25,2022,Saint-Martin,Jour de Noël
2023-01-01,2023,Saint-Martin,1er janvier
2023-04-10,2023,Saint-Martin,Lundi de Pâques
2023-05-01,2023,Saint-Martin,1er mai
2023-05-08,2023,Saint-Martin,8 mai
2023-05-18,2023,Saint-Martin,Ascension
2023-05-28,2023,Saint-Martin,Abolition de l'esclavage
2023-05-29,2023,Saint-Martin,Lundi de Pentecôte
2023-07-14,2023,Saint-Martin,14 juillet
2023-08-15,2023,Saint-Martin,Assomption
2023-11-01,2023,Saint-Martin,Toussaint
2023-11-11,2023,Saint-Martin,11 novembre
2023-12-25,2023,Saint-Martin,Jour de Noël
2024-01-01,2024,Saint-Martin,1er janvier
2024-04-01,2024,Saint-Martin,Lundi de Pâques
2024-05-01,2024,Saint-Martin,1er mai
2024-05-08,2024,Saint-Martin,8 mai
2024-05-09,2024,Saint-Martin,Ascension
2024-05-20,2024,Saint-Martin,Lundi de Pentecôte
2024-05-28,2024,Saint-Martin,Abolition de l'esclavage
2024-07-14,2024,Saint-Martin,14 juillet
2024-08-15,2024,Saint-Martin,Assomption
2024-11-01,2024,Saint-Martin,Toussaint
2024-11-11,2024,Saint-Martin,11 novembre
2024-12-25,2024,Saint-Martin,Jour de Noël
2025-01-01,2025,Saint-Martin,1er janvier
2025-04-21,2025,Saint-Martin,Lundi de Pâques
2025-05-01,2025,Saint-Martin,1er mai
2025-05-08,2025,Saint-Martin,8 mai
2025-05-28,2025,Saint-Martin,Abolition de l'esclavage
2025-05-29,2025,Saint-Martin,Ascension
2025-06-09,2025,Saint-Martin,Lundi de Pentecôte
2025-07-14,2025,Saint-Martin,14 juillet
2025-08-15,2025,Saint-Martin,Assomption
2025-11-01,2025,Saint-Martin,Toussaint
2025-11-11,2025,Saint-Martin,11 novembre
2025-12-25,2025,Saint-Martin,Jour de Noël
