date,annee,zone,nom_jour_ferie
2000-01-01,2000,Saint-Barthélémy,Jour de l'an
2000-04-24,2000,Saint-Barthélémy,Lundi de Pâques
2000-05-01,2000,Saint-Barthélémy,Fête du Travail
2000-05-08,2000,Saint-Barthélémy,Victoire des alliés
2000-06-01,2000,Saint-Barthélémy,Ascension
2000-06-12,2000,Saint-Barthélémy,Lundi de Pentecôte
2000-07-14,2000,Saint-Barthélémy,Fête Nationale
2000-08-15,2000,Saint-Barthélémy,Assomption
2000-10-09,2000,Saint-Barthélémy,Abolition de l'esclavage
2000-11-01,2000,Saint-Barthélémy,Toussaint
2000-11-11,2000,Saint-Barthélémy,Armistice
2000-12-25,2000,Saint-Barthélémy,Noël
2001-01-01,2001,Saint-Barthélémy,Jour de l'an
2001-04-16,2001,Saint-Barthélémy,Lundi de Pâques
2001-05-01,2001,Saint-Barthélémy,Fête du Travail
2001-05-08,2001,Saint-Barthélémy,Victoire des alliés
2001-05-24,2001,Saint-Barthélémy,Ascension
2001-06-04,2001,Saint-Barthélémy,Lundi de Pentecôte
2001-07-14,2001,Saint-Barthélémy,Fête Nationale
2001-08-15,2001,Saint-Barthélémy,Assomption
2001-10-09,2001,Saint-Barthélémy,Abolition de l'esclavage
2001-11-01,2001,Saint-Barthélémy,Toussaint
2001-11-11,2001,Saint-Barthélémy,Armistice
2001-12-25,2001,Saint-Barthélémy,Noël
2002-01-01,2002,Saint-Barthélémy,Jour de l'an
2002-04-01,2002,Saint-Barthélémy,Lundi de Pâques
2002-05-01,2002,Saint-Barthélémy,Fête du Travail
2002-05-08,2002,Saint-Barthélémy,Victoire des alliés
2002-05-09,2002,Saint-Barthélémy,Ascension
2002-05-20,2002,Saint-Barthélémy,Lundi de Pentecôte
2002-07-14,2002,Saint-Barthélémy,Fête Nationale
2002-08-15,2002,Saint-Barthélémy,Assomption
2002-10-09,2002,Saint-Barthélémy,Abolition de l'esclavage
2002-11-01,2002,Saint-Barthélémy,Toussaint
2002-11-11,2002,Saint-Barthélémy,Armistice
2002-12-25,2002,Saint-Barthélémy,Noël
2003-01-01,2003,Saint-Barthélémy,Jour de l'an
2003-04-21,2003,Saint-Barthélémy,Lundi de Pâques
2003-05-01,2003,Saint-Barthélémy,Fête du Travail
2003-05-08,2003,Saint-Barthélémy,Victoire des alliés
2003-05-29,2003,Saint-Barthélémy,Ascension
2003-06-09,2003,Saint-Barthélémy,Lundi de Pentecôte
2003-07-14,2003,Saint-Barthélémy,Fête Nationale
2003-08-15,2003,Saint-Barthélémy,Assomption
2003-10-09,2003,Saint-Barthélémy,Abolition de l'esclavage
2003-11-01,2003,Saint-Barthélémy,Toussaint
2003-11-11,2003,Saint-Barthélémy,Armistice
2003-12-25,2003,Saint-Barthélémy,Noël
2004-01-01,2004,Saint-Barthélémy,Jour de l'an
2004-04-12,2004,Saint-Barthélémy,Lundi de Pâques
2004-05-01,2004,Saint-Barthélémy,Fête du Travail
2004-05-08,2004,Saint-Barthélémy,Victoire des alliés
2004-05-20,2004,Saint-Barthélémy,Ascension
2004-05-31,2004,Saint-Barthélémy,Lundi de Pentecôte
2004-07-14,2004,Saint-Barthélémy,Fête Nationale
2004-08-15,2004,Saint-Barthélémy,Assomption
2004-10-09,2004,Saint-Barthélémy,Abolition de l'esclavage
2004-11-01,2004,Saint-Barthélémy,Toussaint
2004-11-11,2004,Saint-Barthélémy,Armistice
2004-12-25,2004,Saint-Barthélémy,Noël
2005-01-01,2005,Saint-Barthélémy,Jour de l'an
2005-03-28,2005,Saint-Barthélémy,Lundi de Pâques
2005-05-01,2005,Saint-Barthélémy,Fête du Travail
2005-05-05,2005,Saint-Barthélémy,Ascension
2005-05-08,2005,Saint-Barthélémy,Victoire des alliés
2005-05-16,2005,Saint-Barthélémy,Lundi de Pentecôte
2005-07-14,2005,Saint-Barthélémy,Fête Nationale
2005-08-15,2005,Saint-Barthélémy,Assomption
2005-10-09,2005,Saint-Barthélémy,Abolition de l'esclavage
2005-11-01,2005,Saint-Barthélémy,Toussaint
2005-11-11,2005,Saint-Barthélémy,Armistice
2005-12-25,2005,Saint-Barthélémy,Noël
2006-01-01,2006,Saint-Barthélémy,Jour de l'an
2006-04-17,2006,Saint-Barthélémy,Lundi de Pâques
2006-05-01,2006,Saint-Barthélémy,Fête du Travail
2006-05-08,2006,Saint-Barthélémy,Victoire des alliés
2006-05-25,2006,Saint-Barthélémy,Ascension
2006-06-05,2006,Saint-Barthélémy,Lundi de Pentecôte
2006-07-14,2006,Saint-Barthélémy,Fête Nationale
2006-08-15,2006,Saint-Barthélémy,Assomption
2006-10-09,2006,Saint-Barthélémy,Abolition de l'esclavage
2006-11-01,2006,Saint-Barthélémy,Toussaint
2006-11-11,2006,Saint-Barthélémy,Armistice
2006-12-25,2006,Saint-Barthélémy,Noël
2007-01-01,2007,Saint-Barthélémy,Jour de l'an
2007-04-09,2007,Saint-Barthélémy,Lundi de Pâques
2007-05-01,2007,Saint-Barthélémy,Fête du Travail
2007-05-08,2007,Saint-Barthélémy,Victoire des alliés
2007-05-17,2007,Saint-Barthélémy,Ascension
2007-05-28,2007,Saint-Barthélémy,Lundi de Pentecôte
2007-07-14,2007,Saint-Barthélémy,Fête Nationale
2007-08-15,2007,Saint-Barthélémy,Assomption
2007-10-09,2007,Saint-Barthélémy,Abolition de l'esclavage
2007-11-01,2007,Saint-Barthélémy,Toussaint
2007-11-11,2007,Saint-Barthélémy,Armistice
2007-12-25,2007,Saint-Barthélémy,Noël
2008-01-01,2008,Saint-Barthélémy,Jour de l'an
2008-03-24,2008,Saint-Barthélémy,Lundi de Pâques
2008-05-01,2008,Saint-Barthélémy,Fête du Travail
2008-05-01,2008,Saint-Barthélémy,Ascension
2008-05-08,2008,Saint-Barthélémy,Victoire des alliés
2008-05-12,2008,Saint-Barthélémy,Lundi de Pentecôte
2008-07-14,2008,Saint-Barthélémy,Fête Nationale
2008-08-15,2008,Saint-Barthélémy,Assomption
2008-10-09,2008,Saint-Barthélémy,Abolition de l'esclavage
2008-11-01,2008,Saint-Barthélémy,Toussaint
2008-11-11,2008,Saint-Barthélémy,Armistice
2008-12-25,2008,Saint-Barthélémy,Noël
2009-01-01,2009,Saint-Barthélémy,Jour de l'an
2009-04-13,2009,Saint-Barthélémy,Lundi de Pâques
2009-05-01,2009,Saint-Barthélémy,Fête du Travail
2009-05-08,2009,Saint-Barthélémy,Victoire des alliés
2009-05-21,2009,Saint-Barthélémy,Ascension
2009-06-01,2009,Saint-Barthélémy,Lundi de Pentecôte
2009-07-14,2009,Saint-Barthélémy,Fête Nationale
2009-08-15,2009,Saint-Barthélémy,Assomption
2009-10-09,2009,Saint-Barthélémy,Abolition de l'esclavage
2009-11-01,2009,Saint-Barthélémy,Toussaint
2009-11-11,2009,Saint-Barthélémy,Armistice
2009-12-25,2009,Saint-Barthélémy,Noël
2010-01-01,2010,Saint-Barthélémy,Jour de l'an
2010-04-05,2010,Saint-Barthélémy,Lundi de Pâques
2010-05-01,2010,Saint-Barthélémy,Fête du Travail
2010-05-08,2010,Saint-Barthélémy,Victoire des alliés
2010-05-13,2010,Saint-Barthélémy,Ascension
2010-05-24,2010,Saint-Barthélémy,Lundi de Pentecôte
2010-07-14,2010,Saint-Barthélémy,Fête Nationale
2010-08-15,2010,Saint-Barthélémy,Assomption
2010-10-09,2010,Saint-Barthélémy,Abolition de l'esclavage
2010-11-01,2010,Saint-Barthélémy,Toussaint
2010-11-11,2010,Saint-Barthélémy,Armistice
2010-12-25,2010,Saint-Barthélémy,Noël
2011-01-01,2011,Saint-Barthélémy,Jour de l'an
2011-04-25,2011,Saint-Barthélémy,Lundi de Pâques
2011-05-01,2011,Saint-Barthélémy,Fête du Travail
2011-05-08,2011,Saint-Barthélémy,Victoire des alliés
2011-06-02,2011,Saint-Barthélémy,Ascension
2011-06-13,2011,Saint-Barthélémy,Lundi de Pentecôte
2011-07-14,2011,Saint-Barthélémy,Fête Nationale
2011-08-15,2011,Saint-Barthélémy,Assomption
2011-10-09,2011,Saint-Barthélémy,Abolition de l'esclavage
2011-11-01,2011,Saint-Barthélémy,Toussaint
2011-11-11,2011,Saint-Barthélémy,Armistice
2011-12-25,2011,Saint-Barthélémy,Noël
2012-01-01,2012,Saint-Barthélémy,Jour de l'an
2012-04-09,2012,Saint-Barthélémy,Lundi de Pâques
2012-05-01,2012,Saint-Barthélémy,Fête du Travail
2012-05-08,2012,Saint-Barthélémy,Victoire des alliés
2012-05-17,2012,Saint-Barthélémy,Ascension
2012-05-28,2012,Saint-Barthélémy,Lundi de Pentecôte
2012-07-14,2012,Saint-Barthélémy,Fête Nationale
2012-08-15,2012,Saint-Barthélémy,Assomption
2012-10-09,2012,Saint-Barthélémy,Abolition de l'esclavage
2012-11-01,2012,Saint-Barthélémy,Toussaint
2012-11-11,2012,Saint-Barthélémy,Armistice
2012-12-25,2012,Saint-Barthélémy,Noël
2013-01-01,2013,Saint-Barthélémy,Jour de l'an
2013-04-01,2013,Saint-Barthélémy,Lundi de Pâques
2013-05-01,2013,Saint-Barthélémy,Fête du Travail
2013-05-08,2013,Saint-Barthélémy,Victoire des alliés
2013-05-09,2013,Saint-Barthélémy,Ascension
2013-05-20,2013,Saint-Barthélémy,Lundi de Pentecôte
2013-07-14,2013,Saint-Barthélémy,Fête Nationale
2013-08-15,2013,Saint-Barthélémy,Assomption
2013-10-09,2013,Saint-Barthélémy,Abolition de l'esclavage
2013-11-01,2013,Saint-Barthélémy,Toussaint
2013-11-11,2013,Saint-Barthélémy,Armistice
2013-12-25,2013,Saint-Barthélémy,Noël
2014-01-01,2014,Saint-Barthélémy,Jour de l'an
2014-04-21,2014,Saint-Barthélémy,Lundi de Pâques
2014-05-01,2014,Saint-Barthélémy,Fête du Travail
2014-05-08,2014,Saint-Barthélémy,Victoire des alliés
2014-05-29,2014,Saint-Barthélémy,Ascension
2014-06-09,2014,Saint-Barthélémy,Lundi de Pentecôte
2014-07-14,2014,Saint-Barthélémy,Fête Nationale
2014-08-15,2014,Saint-Barthélémy,Assomption
2014-10-09,2014,Saint-Barthélémy,Abolition de l'esclavage
2014-11-01,2014,Saint-Barthélémy,Toussaint
2014-11-11,2014,Saint-Barthélémy,Armistice
2014-12-25,2014,Saint-Barthélémy,Noël
2015-01-01,2015,Saint-Barthélémy,Jour de l'an
2015-04-06,2015,Saint-Barthélémy,Lundi de Pâques
2015-05-01,2015,Saint-Barthélémy,Fête du Travail
2015-05-08,2015,Saint-Barthélémy,Victoire des alliés
2015-05-14,2015,Saint-Barthélémy,Ascension
2015-05-25,2015,Saint-Barthélémy,Lundi de Pentecôte
2015-07-14,2015,Saint-Barthélémy,Fête Nationale
2015-08-15,2015,Saint-Barthélémy,Assomption
2015-10-09,2015,Saint-Barthélémy,Abolition de l'esclavage
2015-11-01,2015,Saint-Barthélémy,Toussaint
2015-11-11,2015,Saint-Barthélémy,Armistice
2015-12-25,2015,Saint-Barthélémy,Noël
2016-01-01,2016,Saint-Barthélémy,Jour de l'an
2016-03-28,2016,Saint-Barthélémy,Lundi de Pâques
2016-05-01,2016,Saint-Barthélémy,Fête du Travail
2016-05-05,2016,Saint-Barthélémy,Ascension
2016-05-08,2016,Saint-Barthélémy,Victoire des alliés
2016-05-16,2016,Saint-Barthélémy,Lundi de Pentecôte
2016-07-14,2016,Saint-Barthélémy,Fête Nationale
2016-08-15,2016,Saint-Barthélémy,Assomption
2016-10-09,2016,Saint-Barthélémy,Abolition de l'esclavage
2016-11-01,2016,Saint-Barthélémy,Toussaint
2016-11-11,2016,Saint-Barthélémy,Armistice
2016-12-25,2016,Saint-Barthélémy,Noël
2017-01-01,2017,Saint-Barthélémy,Jour de l'an
2017-04-17,2017,Saint-Barthélémy,Lundi de Pâques
2017-05-01,2017,Saint-Barthélémy,Fête du Travail
2017-05-08,2017,Saint-Barthélémy,Victoire des alliés
2017-05-25,2017,Saint-Barthélémy,Ascension
2017-06-05,2017,Saint-Barthélémy,Lundi de Pentecôte
2017-07-14,2017,Saint-Barthélémy,Fête Nationale
2017-08-15,2017,Saint-Barthélémy,Assomption
2017-10-09,2017,Saint-Barthélémy,Abolition de l'esclavage
2017-11-01,2017,Saint-Barthélémy,Toussaint
2017-11-11,2017,Saint-Barthélémy,Armistice
2017-12-25,2017,Saint-Barthélémy,Noël
2018-01-01,2018,Saint-Barthélémy,Jour de l'an
2018-04-02,2018,Saint-Barthélémy,Lundi de Pâques
2018-05-01,2018,Saint-Barthélémy,Fête du Travail
2018-05-08,2018,Saint-Barthélémy,Victoire des alliés
2018-05-10,2018,Saint-Barthélémy,Ascension
2018-05-21,2018,Saint-Barthélémy,Lundi de Pentecôte
2018-07-14,2018,Saint-Barthélémy,Fête Nationale
2018-08-15,2018,Saint-Barthélémy,Assomption
2018-10-09,2018,Saint-Barthélémy,Abolition de l'esclavage
2018-11-01,2018,Saint-Barthélémy,Toussaint
2018-11-11,2018,Saint-Barthélémy,Armistice
2018-12-25,2018,Saint-Barthélémy,Noël
2019-01-01,2019,Saint-Barthélémy,Jour de l'an
2019-04-22,2019,Saint-Barthélémy,Lundi de Pâques
2019-05-01,2019,Saint-Barthélémy,Fête du Travail
2019-05-08,2019,Saint-Barthélémy,Victoire des alliés
2019-05-30,2019,Saint-Barthélémy,Ascension
2019-06-10,2019,Saint-Barthélémy,Lundi de Pentecôte
2019-07-14,2019,Saint-Barthélémy,Fête Nationale
2019-08-15,2019,Saint-Barthélémy,Assomption
2019-10-09,2019,Saint-Barthélémy,Abolition de l'esclavage
2019-11-01,2019,Saint-Barthélémy,Toussaint
2019-11-11,2019,Saint-Barthélémy,Armistice
2019-12-25,2019,Saint-Barthélémy,Noël
2020-01-01,2020,Saint-Barthélémy,Jour de l'an
2020-04-13,2020,Saint-Barthélémy,Lundi de Pâques
2020-05-01,2020,Saint-Barthélémy,Fête du Travail
2020-05-08,2020,Saint-Barthélémy,Victoire des alliés
2020-05-21,2020,Saint-Barthélémy,Ascension
2020-06-01,2020,Saint-Barthélémy,Lundi de Pentecôte
2020-07-14,2020,Saint-Barthélémy,Fête Nationale
2020-08-15,2020,Saint-Barthélémy,Assomption
2020-10-09,2020,Saint-Barthélémy,Abolition de l'esclavage
2020-11-01,2020,Saint-Barthélémy,Toussaint
2020-11-11,2020,Saint-Barthélémy,Armistice
2020-12-25,2020,Saint-Barthélémy,Noël
2021-01-01,2021,Saint-Barthélémy,Jour de l'an
2021-04-05,2021,Saint-Barthélémy,Lundi de Pâques
2021-05-01,2021,Saint-Barthélémy,Fête du Travail
2021-05-08,2021,Saint-Barthélémy,Victoire des alliés
2021-05-13,2021,Saint-Barthélémy,Ascension
2021-05-24,2021,Saint-Barthélémy,Lundi de Pentecôte
2021-07-14,2021,Saint-Barthélémy,Fête Nationale
2021-08-15,2021,Saint-Barthélémy,Assomption
2021-10-09,2021,Saint-Barthélémy,Abolition de l'esclavage
2021-11-01,2021,Saint-Barthélémy,Toussaint
2021-11-11,2021,Saint-Barthélémy,Armistice
2021-12-25,2021,Saint-Barthélémy,Noël
2022-01-01,2022,Saint-Barthélémy,Jour de l'an
2022-04-18,2022,Saint-Barthélémy,Lundi de Pâques
2022-05-01,2022,Saint-Barthélémy,Fête du Travail
2022-05-08,2022,Saint-Barthélémy,Victoire des alliés
2022-05-26,2022,Saint-Barthélémy,Ascension
2022-06-06,2022,Saint-Barthélémy,Lundi de Pentecôte
2022-07-14,2022,Saint-Barthélémy,Fête Nationale
2022-08-15,2022,Saint-Barthélémy,Assomption
2022-10-09,2022,Saint-Barthélémy,Abolition de l'esclavage
2022-11-01,2022,Saint-Barthélémy,Toussaint
2022-11-11,2022,Saint-Barthélémy,Armistice
2022-12-25,2022,Saint-Barthélémy,Noël
2023-01-01,2023,Saint-Barthélémy,Jour de l'an
2023-04-10,2023,Saint-Barthélémy,Lundi de Pâques
2023-05-01,2023,Saint-Barthélémy,Fête du Travail
2023-05-08,2023,Saint-Barthélémy,Victoire des alliés
2023-05-18,2023,Saint-Barthélémy,Ascension
2023-05-29,2023,Saint-Barthélémy,Lundi de Pentecôte
2023-07-14,2023,Saint-Barthélémy,Fête Nationale
2023-08-15,2023,Saint-Barthélémy,Assomption
2023-10-09,2023,Saint-Barthélémy,Abolition de l'esclavage
2023-11-01,2023,Saint-Barthélémy,Toussaint
2023-11-11,2023,Saint-Barthélémy,Armistice
2023-12-25,2023,Saint-Barthélémy,Noël
2024-01-01,2024,Saint-Barthélémy,Jour de l'an
2024-04-01,2024,Saint-Barthélémy,Lundi de Pâques
2024-05-01,2024,Saint-Barthélémy,Fête du Travail
2024-05-08,2024,Saint-Barthélémy,Victoire des alliés
2024-05-09,2024,Saint-Barthélémy,Ascension
2024-05-20,2024,Saint-Barthélémy,Lundi de Pentecôte
2024-07-14,2024,Saint-Barthélémy,Fête Nationale
2024-08-15,2024,Saint-Barthélémy,Assomption
2024-10-09,2024,Saint-Barthélémy,Abolition de l'esclavage
2024-11-01,2024,Saint-Barthélémy,Toussaint
2024-11-11,2024,Saint-Barthélémy,Armistice
2024-12-25,2024,Saint-Barthélémy,Noël
2025-01-01,2025,Saint-Barthélémy,Jour de l'an
2025-04-21,2025,Saint-Barthélémy,Lundi de Pâques
2025-05-01,2025,Saint-Barthélémy,Fête du Travail
2025-05-08,2025,Saint-Barthélémy,Victoire des alliés
2025-05-29,2025,Saint-Barthélémy,Ascension
2025-06-09,2025,Saint-Barthélémy,Lundi de Pentecôte
2025-07-14,2025,Saint-Barthélémy,Fête Nationale
2025-08-15,2025,Saint-Barthélémy,Assomption
2025-10-09,2025,Saint-Barthélémy,Abolition de l'esclavage
2025-11-01,2025,Saint-Barthélémy,Toussaint
2025-11-11,2025,Saint-Barthélémy,Armistice
2025-12-25,2025,Saint-Barthélémy,Noël
